return_id,order_id,order_item_id,product_id,return_reason,return_status,return_qty,refund_amount_inr,return_requested_ts,return_completed_ts
RET00000000,ORD000000004,1,PROD0000071,Better price available,completed,2,56286.0,2023-01-29 14:37:47,2023-01-31 14:37:47
RET00000001,ORD000000047,1,PROD0000227,Better price available,completed,1,912.0,2023-08-04 02:34:06,2023-08-09 02:34:06
RET00000002,ORD000000058,1,PROD0000453,Better price available,completed,3,1062.0,2024-08-18 23:55:28,2024-08-27 23:55:28
RET00000003,ORD000000060,1,PROD0000054,Size/fit issue,approved,1,1446.0,2023-07-28 09:30:13,2023-08-01 09:30:13
RET00000004,ORD000000060,2,PROD0000232,Quality not as expected,rejected,2,36952.0,2023-07-22 09:30:13,2023-07-24 09:30:13
RET00000005,ORD000000060,3,PROD0000369,Better price available,completed,1,69.0,2023-07-25 09:30:13,2023-07-31 09:30:13
RET00000006,ORD000000144,1,PROD0000332,Quality not as expected,completed,1,52020.0,2023-06-10 04:23:47,2023-06-12 04:23:47
RET00000007,ORD000000165,1,PROD0000090,Quality not as expected,completed,1,4992.0,2023-12-09 18:28:20,2023-12-19 18:28:20
RET00000008,ORD000000226,1,PROD0000455,Quality not as expected,rejected,3,31038.0,2024-11-23 16:23:23,2024-11-29 16:23:23
RET00000009,ORD000000226,2,PROD0000232,Changed my mind,approved,3,65208.0,2024-11-15 16:23:23,2024-11-27 16:23:23
RET00000010,ORD000000226,3,PROD0000032,Size/fit issue,completed,1,2616.0,2024-11-22 16:23:23,2024-11-24 16:23:23
RET00000011,ORD000000236,1,PROD0000008,Quality not as expected,completed,2,1604.0,2023-10-29 14:35:31,2023-11-04 14:35:31
RET00000012,ORD000000256,1,PROD0000471,Defective/not working,completed,1,1259.0,2024-06-08 20:36:03,2024-06-21 20:36:03
RET00000013,ORD000000256,2,PROD0000321,Defective/not working,rejected,3,3189.0,2024-06-09 20:36:03,2024-06-15 20:36:03
RET00000014,ORD000000281,1,PROD0000274,Changed my mind,completed,3,1038.0,2024-08-30 17:02:30,2024-09-05 17:02:30
RET00000015,ORD000000286,1,PROD0000118,Defective/not working,completed,1,2647.0,2023-10-24 20:10:13,2023-10-26 20:10:13
RET00000016,ORD000000298,1,PROD0000384,Size/fit issue,completed,1,510.0,2023-06-28 20:03:24,2023-07-06 20:03:24
RET00000017,ORD000000300,2,PROD0000033,Changed my mind,completed,1,6640.0,2024-10-09 18:33:08,2024-10-20 18:33:08
RET00000018,ORD000000300,3,PROD0000160,Defective/not working,approved,1,17695.0,2024-10-11 18:33:08,2024-10-22 18:33:08
RET00000019,ORD000000300,5,PROD0000059,Damaged product,completed,1,328.0,2024-10-10 18:33:08,2024-10-14 18:33:08
RET00000020,ORD000000311,1,PROD0000206,Quality not as expected,completed,1,565.0,2024-01-15 11:46:34,2024-01-21 11:46:34
RET00000021,ORD000000355,1,PROD0000485,Quality not as expected,requested,1,1621.0,2024-03-15 08:43:01,2024-03-17 08:43:01
RET00000022,ORD000000355,2,PROD0000338,Size/fit issue,completed,1,315.0,2024-03-07 08:43:01,2024-03-13 08:43:01
RET00000023,ORD000000376,1,PROD0000075,Better price available,completed,1,606.0,2023-10-25 23:14:59,2023-11-07 23:14:59
RET00000024,ORD000000436,1,PROD0000194,Changed my mind,requested,3,28449.0,2023-12-08 13:24:25,2023-12-13 13:24:25
RET00000025,ORD000000457,3,PROD0000285,Wrong item delivered,completed,1,658.0,2024-11-19 11:40:33,2024-11-27 11:40:33
RET00000026,ORD000000457,5,PROD0000184,Item arrived late,completed,1,17526.0,2024-11-15 11:40:33,2024-11-29 11:40:33
RET00000027,ORD000000492,2,PROD0000227,Item arrived late,requested,2,1716.0,2024-03-14 23:08:02,2024-03-28 23:08:02
RET00000028,ORD000000496,1,PROD0000023,Size/fit issue,requested,2,2856.0,2023-03-20 05:13:10,2023-03-24 05:13:10
RET00000029,ORD000000551,1,PROD0000245,Wrong item delivered,completed,2,9586.0,2023-04-20 11:38:01,2023-04-27 11:38:01
RET00000030,ORD000000551,2,PROD0000196,Item arrived late,completed,1,1753.0,2023-04-30 11:38:01,2023-05-10 11:38:01
RET00000031,ORD000000577,1,PROD0000258,Changed my mind,completed,1,7482.0,2023-09-07 20:42:51,2023-09-21 20:42:51
RET00000032,ORD000000702,2,PROD0000392,Quality not as expected,completed,3,18024.0,2023-10-24 04:50:54,2023-11-03 04:50:54
RET00000033,ORD000000733,1,PROD0000417,Changed my mind,completed,3,43968.0,2023-08-17 08:41:15,2023-08-28 08:41:15
RET00000034,ORD000000733,4,PROD0000314,Better price available,completed,1,17443.0,2023-08-18 08:41:15,2023-08-25 08:41:15
RET00000035,ORD000000755,1,PROD0000385,Damaged product,completed,1,3484.0,2024-07-23 03:39:46,2024-07-26 03:39:46
RET00000036,ORD000000755,2,PROD0000245,Damaged product,requested,1,5392.0,2024-07-23 03:39:46,2024-08-03 03:39:46
RET00000037,ORD000000755,3,PROD0000423,Quality not as expected,requested,1,342.0,2024-07-17 03:39:46,2024-07-24 03:39:46
RET00000038,ORD000000897,1,PROD0000264,Damaged product,completed,1,2092.0,2024-01-25 04:54:50,2024-01-29 04:54:50
RET00000039,ORD000000916,1,PROD0000334,Wrong item delivered,completed,1,478.0,2024-12-03 22:57:40,2024-12-11 22:57:40
RET00000040,ORD000000981,1,PROD0000439,Damaged product,requested,2,25748.0,2023-06-10 12:23:44,2023-06-13 12:23:44
RET00000041,ORD000000981,3,PROD0000415,Damaged product,completed,3,1782.0,2023-06-11 12:23:44,2023-06-21 12:23:44
RET00000042,ORD000000981,4,PROD0000358,Changed my mind,rejected,3,28953.0,2023-06-11 12:23:44,2023-06-21 12:23:44
RET00000043,ORD000000982,1,PROD0000185,Quality not as expected,approved,3,726.0,2025-01-05 01:09:13,2025-01-12 01:09:13
RET00000044,ORD000000982,2,PROD0000276,Changed my mind,completed,1,373.0,2025-01-04 01:09:13,2025-01-09 01:09:13
RET00000045,ORD000000982,3,PROD0000041,Wrong item delivered,completed,1,692.0,2025-01-06 01:09:13,2025-01-14 01:09:13
RET00000046,ORD000000991,2,PROD0000139,Defective/not working,completed,2,4840.0,2024-01-19 18:46:16,2024-02-01 18:46:16
RET00000047,ORD000000991,4,PROD0000037,Changed my mind,approved,1,662.0,2024-01-14 18:46:16,2024-01-19 18:46:16
RET00000048,ORD000000991,5,PROD0000098,Size/fit issue,rejected,2,716.0,2024-01-15 18:46:16,2024-01-24 18:46:16
RET00000049,ORD000001064,1,PROD0000375,Defective/not working,completed,3,4986.0,2024-10-26 09:19:22,2024-11-04 09:19:22
RET00000050,ORD000001095,1,PROD0000392,Defective/not working,completed,3,18024.0,2023-11-04 19:11:15,2023-11-08 19:11:15
RET00000051,ORD000001109,1,PROD0000238,Defective/not working,completed,2,2122.0,2024-07-30 02:01:49,2024-08-07 02:01:49
RET00000052,ORD000001110,2,PROD0000216,Changed my mind,completed,2,642.0,2024-05-25 03:00:52,2024-05-30 03:00:52
RET00000053,ORD000001119,1,PROD0000146,Damaged product,completed,2,91396.0,2023-06-05 16:13:11,2023-06-17 16:13:11
RET00000054,ORD000001120,1,PROD0000062,Better price available,completed,2,1706.0,2024-10-21 17:35:11,2024-10-30 17:35:11
RET00000055,ORD000001143,3,PROD0000343,Wrong item delivered,completed,1,1839.0,2023-07-05 10:07:19,2023-07-14 10:07:19
RET00000056,ORD000001149,1,PROD0000123,Damaged product,completed,3,107412.0,2023-09-24 03:34:41,2023-10-08 03:34:41
RET00000057,ORD000001166,1,PROD0000457,Item arrived late,completed,2,3228.0,2024-05-25 15:39:07,2024-05-31 15:39:07
RET00000058,ORD000001173,3,PROD0000198,Changed my mind,completed,1,1271.0,2023-10-19 12:57:11,2023-10-25 12:57:11
RET00000059,ORD000001190,1,PROD0000214,Item arrived late,rejected,2,2780.0,2023-06-28 13:44:20,2023-07-03 13:44:20
RET00000060,ORD000001201,1,PROD0000002,Wrong item delivered,completed,1,8262.0,2023-03-05 10:33:09,2023-03-07 10:33:09
RET00000061,ORD000001240,1,PROD0000514,Item arrived late,requested,3,6114.0,2023-11-03 01:44:36,2023-11-15 01:44:36
RET00000062,ORD000001320,1,PROD0000219,Item arrived late,rejected,2,752.0,2023-11-02 19:05:44,2023-11-12 19:05:44
RET00000063,ORD000001320,2,PROD0000039,Changed my mind,completed,2,4552.0,2023-11-07 19:05:44,2023-11-17 19:05:44
RET00000064,ORD000001320,3,PROD0000501,Wrong item delivered,completed,1,343.0,2023-11-05 19:05:44,2023-11-14 19:05:44
RET00000065,ORD000001320,4,PROD0000142,Changed my mind,completed,1,17590.0,2023-10-31 19:05:44,2023-11-10 19:05:44
RET00000066,ORD000001345,1,PROD0000365,Changed my mind,completed,1,1160.0,2024-06-09 15:02:00,2024-06-20 15:02:00
RET00000067,ORD000001348,1,PROD0000465,Changed my mind,completed,3,31605.0,2024-06-22 20:36:48,2024-06-25 20:36:48
RET00000068,ORD000001350,1,PROD0000099,Wrong item delivered,completed,3,4182.0,2024-08-12 06:24:15,2024-08-20 06:24:15
RET00000069,ORD000001384,1,PROD0000005,Defective/not working,rejected,2,24832.0,2024-04-02 11:36:20,2024-04-14 11:36:20
RET00000070,ORD000001420,1,PROD0000344,Defective/not working,completed,1,530.0,2023-09-13 21:43:36,2023-09-20 21:43:36
RET00000071,ORD000001428,1,PROD0000190,Size/fit issue,approved,2,2050.0,2024-10-03 16:57:12,2024-10-12 16:57:12
RET00000072,ORD000001432,1,PROD0000462,Defective/not working,completed,1,22400.0,2024-12-13 02:30:46,2024-12-20 02:30:46
RET00000073,ORD000001449,1,PROD0000071,Damaged product,completed,1,26736.0,2024-10-04 22:20:38,2024-10-17 22:20:38
RET00000074,ORD000001449,3,PROD0000502,Item arrived late,completed,1,443.0,2024-09-29 22:20:38,2024-10-11 22:20:38
RET00000075,ORD000001588,1,PROD0000419,Wrong item delivered,approved,2,1022.0,2023-06-05 16:59:19,2023-06-17 16:59:19
RET00000076,ORD000001606,1,PROD0000417,Changed my mind,completed,1,16380.0,2023-11-15 09:15:40,2023-11-22 09:15:40
RET00000077,ORD000001635,2,PROD0000384,Defective/not working,completed,2,868.0,2024-10-27 03:56:18,2024-11-10 03:56:18
RET00000078,ORD000001711,1,PROD0000209,Better price available,approved,3,2751.0,2024-08-01 00:39:18,2024-08-09 00:39:18
RET00000079,ORD000001711,2,PROD0000433,Wrong item delivered,completed,2,798.0,2024-08-02 00:39:18,2024-08-13 00:39:18
RET00000080,ORD000001731,1,PROD0000182,Better price available,approved,2,658.0,2023-08-18 23:54:10,2023-08-23 23:54:10
RET00000081,ORD000001734,1,PROD0000140,Damaged product,completed,2,3110.0,2024-06-23 16:17:23,2024-06-27 16:17:23
RET00000082,ORD000001742,1,PROD0000439,Size/fit issue,completed,1,18391.0,2023-03-25 19:55:40,2023-03-27 19:55:40
RET00000083,ORD000001752,1,PROD0000445,Size/fit issue,completed,1,1122.0,2024-11-18 21:53:06,2024-11-23 21:53:06
RET00000084,ORD000001952,1,PROD0000516,Size/fit issue,completed,1,7993.0,2023-09-04 13:59:27,2023-09-08 13:59:27
RET00000085,ORD000001965,2,PROD0000321,Item arrived late,rejected,1,1366.0,2023-05-15 22:46:33,2023-05-29 22:46:33
RET00000086,ORD000002001,1,PROD0000412,Size/fit issue,rejected,3,5775.0,2023-10-06 08:40:32,2023-10-18 08:40:32
RET00000087,ORD000002022,1,PROD0000275,Defective/not working,completed,1,300.0,2023-06-13 11:59:52,2023-06-27 11:59:52
RET00000088,ORD000002081,1,PROD0000503,Changed my mind,completed,1,8833.0,2023-05-08 09:59:22,2023-05-21 09:59:22
RET00000089,ORD000002113,1,PROD0000411,Quality not as expected,approved,3,1176.0,2023-10-15 18:44:40,2023-10-24 18:44:40
RET00000090,ORD000002133,1,PROD0000450,Damaged product,completed,2,6434.0,2023-05-25 03:40:45,2023-06-05 03:40:45
RET00000091,ORD000002133,2,PROD0000099,Size/fit issue,completed,2,2788.0,2023-05-26 03:40:45,2023-05-30 03:40:45
RET00000092,ORD000002133,4,PROD0000075,Quality not as expected,completed,2,1148.0,2023-05-25 03:40:45,2023-06-01 03:40:45
RET00000093,ORD000002133,5,PROD0000416,Defective/not working,rejected,2,20064.0,2023-05-24 03:40:45,2023-06-05 03:40:45
RET00000094,ORD000002179,1,PROD0000146,Defective/not working,requested,2,91396.0,2025-01-01 04:37:53,2025-01-11 04:37:53
RET00000095,ORD000002179,2,PROD0000188,Changed my mind,completed,1,606.0,2025-01-01 04:37:53,2025-01-15 04:37:53
RET00000096,ORD000002206,1,PROD0000281,Quality not as expected,rejected,1,2461.0,2025-01-05 16:02:12,2025-01-08 16:02:12
RET00000097,ORD000002206,2,PROD0000193,Size/fit issue,completed,1,704.0,2024-12-27 16:02:12,2025-01-04 16:02:12
RET00000098,ORD000002206,3,PROD0000469,Better price available,completed,2,644.0,2024-12-26 16:02:12,2024-12-29 16:02:12
RET00000099,ORD000002217,1,PROD0000084,Wrong item delivered,approved,2,2008.0,2024-11-26 07:07:32,2024-11-30 07:07:32
RET00000100,ORD000002226,1,PROD0000070,Defective/not working,completed,1,492.0,2024-09-29 10:29:19,2024-10-03 10:29:19
RET00000101,ORD000002303,1,PROD0000468,Better price available,approved,1,11164.0,2024-08-06 05:27:56,2024-08-17 05:27:56
RET00000102,ORD000002304,1,PROD0000029,Item arrived late,completed,3,1095.0,2024-07-01 23:19:41,2024-07-10 23:19:41
RET00000103,ORD000002347,1,PROD0000066,Better price available,approved,1,6769.0,2024-02-21 22:54:00,2024-02-29 22:54:00
RET00000104,ORD000002393,1,PROD0000313,Better price available,approved,2,50184.0,2024-02-06 20:32:27,2024-02-13 20:32:27
RET00000105,ORD000002393,2,PROD0000014,Wrong item delivered,requested,1,91.0,2024-02-02 20:32:27,2024-02-14 20:32:27
RET00000106,ORD000002405,1,PROD0000447,Defective/not working,completed,2,626.0,2023-01-21 00:43:43,2023-01-25 00:43:43
RET00000107,ORD000002405,2,PROD0000074,Quality not as expected,completed,1,13132.0,2023-01-23 00:43:43,2023-01-29 00:43:43
RET00000108,ORD000002479,1,PROD0000519,Quality not as expected,completed,3,44751.0,2023-06-25 06:39:24,2023-07-04 06:39:24
RET00000109,ORD000002487,2,PROD0000502,Better price available,completed,1,280.0,2024-04-07 23:58:47,2024-04-14 23:58:47
RET00000110,ORD000002487,3,PROD0000458,Item arrived late,completed,1,22886.0,2024-04-08 23:58:47,2024-04-21 23:58:47
RET00000111,ORD000002487,4,PROD0000162,Changed my mind,rejected,3,2673.0,2024-04-10 23:58:47,2024-04-17 23:58:47
RET00000112,ORD000002487,6,PROD0000420,Damaged product,completed,1,1237.0,2024-04-10 23:58:47,2024-04-19 23:58:47
RET00000113,ORD000002488,1,PROD0000494,Wrong item delivered,completed,2,436.0,2023-10-28 20:04:23,2023-11-06 20:04:23
RET00000114,ORD000002488,3,PROD0000286,Damaged product,approved,2,3874.0,2023-10-30 20:04:23,2023-11-07 20:04:23
RET00000115,ORD000002489,1,PROD0000179,Item arrived late,requested,2,1498.0,2023-04-14 08:37:11,2023-04-18 08:37:11
RET00000116,ORD000002557,1,PROD0000291,Item arrived late,completed,1,273.0,2023-11-17 22:37:52,2023-11-23 22:37:52
RET00000117,ORD000002623,3,PROD0000059,Changed my mind,completed,2,618.0,2025-01-06 04:55:48,2025-01-20 04:55:48
RET00000118,ORD000002623,4,PROD0000378,Damaged product,completed,3,165.0,2025-01-09 04:55:48,2025-01-11 04:55:48
RET00000119,ORD000002671,1,PROD0000162,Defective/not working,rejected,3,2673.0,2023-10-21 07:30:51,2023-11-02 07:30:51
RET00000120,ORD000002781,1,PROD0000455,Item arrived late,completed,1,11496.0,2024-12-26 02:50:46,2024-12-31 02:50:46
RET00000121,ORD000002803,1,PROD0000402,Changed my mind,rejected,1,948.0,2024-06-07 08:10:33,2024-06-16 08:10:33
RET00000122,ORD000002803,2,PROD0000249,Damaged product,completed,1,1051.0,2024-06-02 08:10:33,2024-06-08 08:10:33
RET00000123,ORD000002861,1,PROD0000231,Damaged product,rejected,2,24892.0,2024-02-10 14:22:37,2024-02-14 14:22:37
RET00000124,ORD000002861,2,PROD0000395,Changed my mind,completed,1,187.0,2024-02-03 14:22:37,2024-02-10 14:22:37
RET00000125,ORD000002900,1,PROD0000201,Changed my mind,completed,2,1828.0,2023-09-26 13:42:03,2023-10-03 13:42:03
RET00000126,ORD000002900,2,PROD0000354,Wrong item delivered,requested,2,13312.0,2023-09-29 13:42:03,2023-10-12 13:42:03
RET00000127,ORD000002900,3,PROD0000227,Wrong item delivered,rejected,1,1073.0,2023-09-25 13:42:03,2023-09-29 13:42:03
RET00000128,ORD000002903,1,PROD0000147,Better price available,completed,1,432.0,2024-06-13 20:41:58,2024-06-18 20:41:58
RET00000129,ORD000002910,1,PROD0000334,Size/fit issue,requested,3,1434.0,2024-03-05 19:56:04,2024-03-17 19:56:04
RET00000130,ORD000002935,1,PROD0000186,Defective/not working,completed,1,278.0,2024-02-19 18:08:35,2024-02-25 18:08:35
RET00000131,ORD000002935,2,PROD0000055,Damaged product,completed,2,30520.0,2024-02-23 18:08:35,2024-02-25 18:08:35
RET00000132,ORD000002947,2,PROD0000026,Item arrived late,completed,2,170.0,2023-11-03 07:14:26,2023-11-09 07:14:26
RET00000133,ORD000002947,3,PROD0000340,Item arrived late,rejected,1,346.0,2023-11-04 07:14:26,2023-11-11 07:14:26
RET00000134,ORD000002957,1,PROD0000181,Size/fit issue,completed,2,5714.0,2024-06-12 21:58:38,2024-06-16 21:58:38
RET00000135,ORD000002957,3,PROD0000345,Better price available,requested,2,42660.0,2024-06-18 21:58:38,2024-06-22 21:58:38
RET00000136,ORD000002959,1,PROD0000137,Changed my mind,requested,2,25836.0,2024-09-04 18:15:36,2024-09-11 18:15:36
